transcript_id,transcript_position,score
tx_id_0,0,0.10936549305915833
tx_id_0,10,0.6905332803726196
tx_id_0,20,0.8129854798316956
tx_id_0,30,0.8019307851791382
tx_id_0,40,0.2593390941619873
tx_id_0,50,0.1300087422132492
tx_id_0,60,0.04046642780303955
tx_id_0,70,0.06413580477237701
tx_id_0,80,0.04323931410908699
tx_id_0,90,0.39988788962364197
tx_id_0,100,0.03310510516166687
tx_id_0,110,0.03969612345099449
tx_id_0,120,0.7069748640060425
tx_id_0,130,0.061568278819322586
tx_id_0,140,0.5692752003669739
tx_id_0,150,0.342332124710083
tx_id_0,160,0.442684531211853
tx_id_0,170,0.12792305648326874
tx_id_0,180,0.7889209985733032
tx_id_0,190,0.10689911991357803
tx_id_0,200,0.6116586327552795
tx_id_0,210,0.8145666122436523
tx_id_0,220,0.22028754651546478
tx_id_0,230,0.3440001904964447
tx_id_0,240,0.7760677337646484
tx_id_0,250,0.33004918694496155
tx_id_0,260,0.5004072189331055
tx_id_0,270,0.05895152688026428
tx_id_0,280,0.47027936577796936
tx_id_0,290,0.07559655606746674
tx_id_0,300,0.7948240637779236
tx_id_0,310,0.7649332284927368
tx_id_0,320,0.6641944050788879
tx_id_0,330,0.5337644815444946
tx_id_0,340,0.027176225557923317
tx_id_0,350,0.6025030612945557
tx_id_0,360,0.6430642008781433
tx_id_0,370,0.6005984544754028
tx_id_0,380,0.5061277151107788
tx_id_0,390,0.7688896059989929
tx_id_0,400,0.04660813510417938
tx_id_0,410,0.027266250923275948
tx_id_0,420,0.34118524193763733
tx_id_0,430,0.5947825908660889
tx_id_0,440,0.8132883310317993
tx_id_0,450,0.7546922564506531
tx_id_0,460,0.6632832288742065
tx_id_0,470,0.037213727831840515
tx_id_0,480,0.40781474113464355
tx_id_0,490,0.07917555421590805
tx_id_0,500,0.724262535572052
tx_id_0,510,0.8145412802696228
tx_id_0,520,0.1136159598827362
tx_id_0,530,0.2880057990550995
tx_id_0,540,0.12073637545108795
tx_id_0,550,0.0632866770029068
tx_id_0,560,0.1802210509777069
tx_id_0,570,0.04499185085296631
tx_id_0,580,0.19522090256214142
tx_id_0,590,0.043951377272605896
tx_id_0,600,0.05631180852651596
tx_id_0,610,0.5079880356788635
tx_id_0,620,0.32096442580223083
tx_id_0,630,0.5633353590965271
tx_id_0,640,0.18745148181915283
tx_id_0,650,0.6326491236686707
tx_id_0,660,0.4951399266719818
tx_id_0,670,0.8150618076324463
tx_id_0,680,0.7139533758163452
tx_id_0,690,0.7681085467338562
tx_id_0,700,0.3611075282096863
tx_id_0,710,0.3275371193885803
tx_id_0,720,0.3753289580345154
tx_id_0,730,0.13630804419517517
tx_id_0,740,0.5588693022727966
tx_id_0,750,0.2983796000480652
tx_id_0,760,0.13932161033153534
tx_id_0,770,0.6470152735710144
tx_id_0,780,0.10725023597478867
tx_id_0,790,0.8181396722793579
tx_id_0,800,0.5657041072845459
tx_id_0,810,0.2401530146598816
tx_id_0,820,0.1626565009355545
tx_id_0,830,0.027609819546341896
tx_id_0,840,0.05422821640968323
tx_id_0,850,0.7374958992004395
tx_id_0,860,0.5878968238830566
tx_id_0,870,0.7724888920783997
tx_id_0,880,0.621425211429596
tx_id_0,890,0.3841415047645569
tx_id_0,900,0.11481019854545593
tx_id_0,910,0.07049217075109482
tx_id_0,920,0.8004860877990723
tx_id_0,930,0.09220166504383087
tx_id_0,940,0.3980989158153534
tx_id_0,950,0.08528272807598114
tx_id_0,960,0.6705194711685181
tx_id_0,970,0.4838598072528839
tx_id_0,980,0.06906511634588242
tx_id_0,990,0.5136598348617554
tx_id_0,1000,0.7602398991584778
tx_id_0,1010,0.719423770904541
tx_id_0,1020,0.7446743845939636
tx_id_0,1030,0.2271474450826645
tx_id_0,1040,0.24201847612857819
tx_id_0,1050,0.061483342200517654
tx_id_0,1060,0.5907112956047058
tx_id_0,1070,0.42036503553390503
tx_id_0,1080,0.7562866806983948
tx_id_0,1090,0.7733510136604309
tx_id_0,1100,0.026658816263079643
tx_id_0,1110,0.7321023941040039
tx_id_0,1120,0.5881378054618835
tx_id_0,1130,0.2575196325778961
tx_id_0,1140,0.592198371887207
tx_id_0,1150,0.3004631996154785
tx_id_0,1160,0.6352440118789673
tx_id_0,1170,0.7297328114509583
tx_id_0,1180,0.5147379636764526
tx_id_0,1190,0.7775489687919617
tx_id_0,1200,0.11457102000713348
tx_id_0,1210,0.8179288506507874
tx_id_0,1220,0.17117290198802948
tx_id_0,1230,0.6072506308555603
tx_id_0,1240,0.425658643245697
tx_id_0,1250,0.09554518014192581
tx_id_0,1260,0.02737945318222046
tx_id_0,1270,0.2655997574329376
tx_id_0,1280,0.5929314494132996
tx_id_0,1290,0.46329647302627563
tx_id_0,1300,0.0631776675581932
tx_id_0,1310,0.7062122225761414
tx_id_0,1320,0.1623736470937729
tx_id_0,1330,0.17538997530937195
tx_id_0,1340,0.6885010004043579
tx_id_0,1350,0.6273393630981445
tx_id_0,1360,0.5218695402145386
tx_id_0,1370,0.09120409190654755
tx_id_0,1380,0.7860634326934814
tx_id_0,1390,0.7848765850067139
tx_id_0,1400,0.762923538684845
tx_id_0,1410,0.27030447125434875
tx_id_0,1420,0.7280487418174744
tx_id_0,1430,0.07541880756616592
tx_id_0,1440,0.6286651492118835
tx_id_0,1450,0.03298099711537361
tx_id_0,1460,0.7221671938896179
tx_id_0,1470,0.46868014335632324
tx_id_0,1480,0.3024872839450836
tx_id_0,1490,0.20477037131786346
tx_id_0,1500,0.473895400762558
tx_id_0,1510,0.1302318572998047
tx_id_0,1520,0.7285147905349731
tx_id_0,1530,0.7001907229423523
tx_id_0,1540,0.449769526720047
tx_id_0,1550,0.6790133714675903
tx_id_0,1560,0.5032704472541809
tx_id_0,1570,0.03564152494072914
tx_id_0,1580,0.5265700817108154
tx_id_0,1590,0.74954754114151
tx_id_0,1600,0.1567077934741974
tx_id_0,1610,0.7776716947555542
tx_id_0,1620,0.7803980708122253
tx_id_0,1630,0.4688636362552643
tx_id_0,1640,0.6398259401321411
tx_id_0,1650,0.2544701397418976
tx_id_0,1660,0.2198132425546646
tx_id_0,1670,0.1751045286655426
tx_id_0,1680,0.7274748086929321
tx_id_0,1690,0.05711666867136955
tx_id_0,1700,0.6069249510765076
tx_id_0,1710,0.8146795630455017
tx_id_0,1720,0.8130336999893188
tx_id_0,1730,0.46544793248176575
tx_id_0,1740,0.3194259703159332
tx_id_0,1750,0.7958112359046936
tx_id_0,1760,0.6160905361175537
tx_id_0,1770,0.4442334771156311
tx_id_0,1780,0.07985762506723404
tx_id_0,1790,0.29151451587677
tx_id_0,1800,0.04890451952815056
tx_id_0,1810,0.7641168236732483
tx_id_0,1820,0.5705634951591492
tx_id_0,1830,0.20025081932544708
tx_id_0,1840,0.4898360073566437
tx_id_0,1850,0.12654633820056915
tx_id_0,1860,0.7836870551109314
tx_id_0,1870,0.7705390453338623
tx_id_0,1880,0.31212717294692993
tx_id_1,0,0.09664057940244675
tx_id_1,10,0.6731132864952087
tx_id_1,20,0.8046030402183533
tx_id_1,30,0.8027913570404053
tx_id_1,40,0.27236706018447876
tx_id_1,50,0.14732614159584045
tx_id_1,60,0.041406743228435516
tx_id_1,70,0.07109366357326508
tx_id_1,80,0.044622596353292465
tx_id_1,90,0.33596575260162354
tx_id_1,100,0.03280054032802582
tx_id_1,110,0.043264392763376236
tx_id_1,120,0.7034705877304077
tx_id_1,130,0.05736324191093445
tx_id_1,140,0.6220476031303406
tx_id_1,150,0.3462655246257782
tx_id_1,160,0.4485047161579132
tx_id_1,170,0.17705516517162323
tx_id_1,180,0.7841762900352478
tx_id_1,190,0.1258324682712555
tx_id_1,200,0.6139793395996094
tx_id_1,210,0.8001725673675537
tx_id_1,220,0.2699071764945984
tx_id_1,230,0.37547147274017334
tx_id_1,240,0.7617634534835815
tx_id_1,250,0.3440985083580017
tx_id_1,260,0.6622377634048462
tx_id_1,270,0.06375879049301147
tx_id_1,280,0.4471384882926941
tx_id_1,290,0.35818982124328613
tx_id_1,300,0.7835354208946228
tx_id_1,310,0.7847001552581787
tx_id_1,320,0.6428007483482361
tx_id_1,330,0.5865408778190613
tx_id_1,340,0.02704063430428505
tx_id_1,350,0.5952603816986084
tx_id_1,360,0.6451131701469421
tx_id_1,370,0.628568708896637
tx_id_1,380,0.5225755572319031
tx_id_1,390,0.7752763032913208
tx_id_1,400,0.048276882618665695
tx_id_1,410,0.027102073654532433
tx_id_1,420,0.3260807991027832
tx_id_1,430,0.5923284888267517
tx_id_1,440,0.8078081011772156
tx_id_1,450,0.7669677138328552
tx_id_1,460,0.6495312452316284
tx_id_1,470,0.03681822121143341
tx_id_1,480,0.3787026107311249
tx_id_1,490,0.08734496682882309
tx_id_1,500,0.734117865562439
tx_id_1,510,0.8049399256706238
tx_id_1,520,0.12144795060157776
tx_id_1,530,0.2895435094833374
tx_id_1,540,0.12218821793794632
tx_id_1,550,0.06786106526851654
tx_id_1,560,0.18667460978031158
tx_id_1,570,0.04795599356293678
tx_id_1,580,0.1617349237203598
tx_id_1,590,0.042207736521959305
tx_id_1,600,0.059065040200948715
tx_id_1,610,0.5054724216461182
tx_id_1,620,0.32916897535324097
tx_id_1,630,0.6020150780677795
tx_id_1,640,0.20106881856918335
tx_id_1,650,0.6318254470825195
tx_id_1,660,0.46366918087005615
tx_id_1,670,0.8050792217254639
tx_id_1,680,0.7163484692573547
tx_id_1,690,0.763635516166687
tx_id_1,700,0.3746854066848755
tx_id_1,710,0.3287065625190735
tx_id_1,720,0.337853342294693
tx_id_1,730,0.12258286029100418
tx_id_1,740,0.5748740434646606
tx_id_1,750,0.3312276303768158
tx_id_1,760,0.14682289958000183
tx_id_1,770,0.6333885788917542
tx_id_1,780,0.13443171977996826
tx_id_1,790,0.8217127323150635
tx_id_1,800,0.44921448826789856
tx_id_1,810,0.27671903371810913
tx_id_1,820,0.15432322025299072
tx_id_1,830,0.027609622105956078
tx_id_1,840,0.054560523480176926
tx_id_1,850,0.7340542674064636
tx_id_1,860,0.5918110609054565
tx_id_1,870,0.7659290432929993
tx_id_1,880,0.6208317875862122
tx_id_1,890,0.39397379755973816
tx_id_1,900,0.11065977811813354
tx_id_1,910,0.072018563747406
tx_id_1,920,0.7964207530021667
tx_id_1,930,0.08726341277360916
tx_id_1,940,0.4256981313228607
tx_id_1,950,0.08379974961280823
tx_id_1,960,0.6639002561569214
tx_id_1,970,0.4955556094646454
tx_id_1,980,0.056803349405527115
tx_id_1,990,0.5449901223182678
tx_id_1,1000,0.7528058886528015
tx_id_1,1010,0.7451993227005005
tx_id_1,1020,0.7396785020828247
tx_id_1,1030,0.24671830236911774
tx_id_1,1040,0.2835199236869812
tx_id_1,1050,0.05007040873169899
tx_id_1,1060,0.6180911064147949
tx_id_1,1070,0.39733272790908813
tx_id_1,1080,0.75876784324646
tx_id_1,1090,0.7710171937942505
tx_id_1,1100,0.026510372757911682
tx_id_1,1110,0.7489672303199768
tx_id_1,1120,0.5893455147743225
tx_id_1,1130,0.37429359555244446
tx_id_1,1140,0.6353752613067627
tx_id_1,1150,0.3051801919937134
tx_id_1,1160,0.6581950187683105
tx_id_1,1170,0.7451468110084534
tx_id_1,1180,0.49761661887168884
tx_id_1,1190,0.7713063955307007
tx_id_1,1200,0.1189223974943161
tx_id_1,1210,0.8151757717132568
tx_id_1,1220,0.21617040038108826
tx_id_1,1230,0.6065906882286072
tx_id_1,1240,0.4297559857368469
tx_id_1,1250,0.09424905478954315
tx_id_1,1260,0.0271975789219141
tx_id_1,1270,0.27510157227516174
tx_id_1,1280,0.5656611323356628
tx_id_1,1290,0.46904924511909485
tx_id_1,1300,0.0654173269867897
tx_id_1,1310,0.6745430827140808
tx_id_1,1320,0.22691024839878082
tx_id_1,1330,0.18508625030517578
tx_id_1,1340,0.7134454250335693
tx_id_1,1350,0.6745603680610657
tx_id_1,1360,0.43528902530670166
tx_id_1,1370,0.09149930626153946
tx_id_1,1380,0.7796027064323425
tx_id_1,1390,0.7800351977348328
tx_id_1,1400,0.7460812926292419
tx_id_1,1410,0.2755047678947449
tx_id_1,1420,0.6873381733894348
tx_id_1,1430,0.08689495921134949
tx_id_1,1440,0.6252070665359497
tx_id_1,1450,0.03375439718365669
tx_id_1,1460,0.7670162916183472
tx_id_1,1470,0.46153905987739563
tx_id_1,1480,0.20416632294654846
tx_id_1,1490,0.21904310584068298
tx_id_1,1500,0.47928324341773987
tx_id_1,1510,0.13395623862743378
tx_id_1,1520,0.7463139891624451
tx_id_1,1530,0.695134162902832
tx_id_1,1540,0.4252369999885559
tx_id_1,1550,0.6818055510520935
tx_id_1,1560,0.5411220788955688
tx_id_1,1570,0.03065200336277485
tx_id_1,1580,0.5867893695831299
tx_id_1,1590,0.7251136898994446
tx_id_1,1600,0.12345530092716217
tx_id_1,1610,0.766364574432373
tx_id_1,1620,0.7752529978752136
tx_id_1,1630,0.4750750958919525
tx_id_1,1640,0.6486079096794128
tx_id_1,1650,0.24984973669052124
tx_id_1,1660,0.24045105278491974
tx_id_1,1670,0.14167344570159912
tx_id_1,1680,0.7259066104888916
tx_id_1,1690,0.05895842984318733
tx_id_1,1700,0.5820315480232239
tx_id_1,1710,0.8117699027061462
tx_id_1,1720,0.7968333959579468
tx_id_1,1730,0.5204142928123474
tx_id_1,1740,0.34645238518714905
tx_id_1,1750,0.7864078879356384
tx_id_1,1760,0.6314091682434082
tx_id_1,1770,0.46817755699157715
tx_id_1,1780,0.07800672948360443
tx_id_1,1790,0.2718925476074219
tx_id_1,1800,0.05149538442492485
tx_id_1,1810,0.7449266910552979
tx_id_1,1820,0.5728199481964111
tx_id_1,1830,0.18434663116931915
tx_id_1,1840,0.5136788487434387
tx_id_1,1850,0.09342358261346817
tx_id_1,1860,0.7656825184822083
tx_id_1,1870,0.7750040292739868
tx_id_1,1880,0.3060765266418457
tx_id_2,0,0.07078512758016586
tx_id_2,10,0.6833745241165161
tx_id_2,20,0.7710428833961487
tx_id_2,30,0.7678275108337402
tx_id_2,40,0.31158867478370667
tx_id_2,50,0.12161567807197571
tx_id_2,60,0.047933582216501236
tx_id_2,70,0.07250896841287613
tx_id_2,80,0.06090276315808296
tx_id_2,90,0.29777589440345764
tx_id_2,100,0.03120473586022854
tx_id_2,110,0.04008711874485016
tx_id_2,120,0.6792470216751099
tx_id_2,130,0.06184183806180954
tx_id_2,140,0.6661009192466736
tx_id_2,150,0.32815179228782654
tx_id_2,160,0.4394734799861908
tx_id_2,170,0.18012934923171997
tx_id_2,180,0.7523549795150757
tx_id_2,190,0.13357213139533997
tx_id_2,200,0.6322032809257507
tx_id_2,210,0.7746698260307312
tx_id_2,220,0.2771834433078766
tx_id_2,230,0.3678368628025055
tx_id_2,240,0.7405755519866943
tx_id_2,250,0.342376172542572
tx_id_2,260,0.38426196575164795
tx_id_2,270,0.0964682549238205
tx_id_2,280,0.32213082909584045
tx_id_2,290,0.07561677694320679
tx_id_2,300,0.7549571990966797
tx_id_2,310,0.7463586330413818
tx_id_2,320,0.5729565620422363
tx_id_2,330,0.6227503418922424
tx_id_2,340,0.02761259116232395
tx_id_2,350,0.5770998597145081
tx_id_2,360,0.6602787375450134
tx_id_2,370,0.6277211308479309
tx_id_2,380,0.5471575856208801
tx_id_2,390,0.7367902398109436
tx_id_2,400,0.04312329366803169
tx_id_2,410,0.026534343138337135
tx_id_2,420,0.2657300531864166
tx_id_2,430,0.5281767845153809
tx_id_2,440,0.7838046550750732
tx_id_2,450,0.7506937980651855
tx_id_2,460,0.5767104029655457
tx_id_2,470,0.03548107668757439
tx_id_2,480,0.3247055411338806
tx_id_2,490,0.11928814649581909
tx_id_2,500,0.683866024017334
tx_id_2,510,0.7742243409156799
tx_id_2,520,0.14048737287521362
tx_id_2,530,0.3713981509208679
tx_id_2,540,0.1224239394068718
tx_id_2,550,0.06299646198749542
tx_id_2,560,0.2305401712656021
tx_id_2,570,0.05862918868660927
tx_id_2,580,0.17470389604568481
tx_id_2,590,0.04361119866371155
tx_id_2,600,0.057026419788599014
tx_id_2,610,0.5058028101921082
tx_id_2,620,0.3372995853424072
tx_id_2,630,0.6197072863578796
tx_id_2,640,0.27392885088920593
tx_id_2,650,0.6454136967658997
tx_id_2,660,0.48092249035835266
tx_id_2,670,0.7662166953086853
tx_id_2,680,0.7151594161987305
tx_id_2,690,0.7598305344581604
tx_id_2,700,0.3230532109737396
tx_id_2,710,0.2965051829814911
tx_id_2,720,0.435764342546463
tx_id_2,730,0.10277674347162247
tx_id_2,740,0.6359174251556396
tx_id_2,750,0.259757399559021
tx_id_2,760,0.19136443734169006
tx_id_2,770,0.6565608978271484
tx_id_2,780,0.05849805474281311
tx_id_2,790,0.7908538579940796
tx_id_2,800,0.48054009675979614
tx_id_2,810,0.27222782373428345
tx_id_2,820,0.26589515805244446
tx_id_2,830,0.02737276814877987
tx_id_2,840,0.05897952616214752
tx_id_2,850,0.7266608476638794
tx_id_2,860,0.5388594269752502
tx_id_2,870,0.7552332878112793
tx_id_2,880,0.6208131909370422
tx_id_2,890,0.4086635708808899
tx_id_2,900,0.11378548294305801
tx_id_2,910,0.06630875915288925
tx_id_2,920,0.7796189785003662
tx_id_2,930,0.08683854341506958
tx_id_2,940,0.47882604598999023
tx_id_2,950,0.08023242652416229
tx_id_2,960,0.6548053622245789
tx_id_2,970,0.43578287959098816
tx_id_2,980,0.04817027598619461
tx_id_2,990,0.5850382447242737
tx_id_2,1000,0.7101861834526062
tx_id_2,1010,0.7396479249000549
tx_id_2,1020,0.7020143270492554
tx_id_2,1030,0.2627829313278198
tx_id_2,1040,0.4037270247936249
tx_id_2,1050,0.059992071241140366
tx_id_2,1060,0.6548749208450317
tx_id_2,1070,0.34600532054901123
tx_id_2,1080,0.7578815221786499
tx_id_2,1090,0.7617549300193787
tx_id_2,1100,0.026690904051065445
tx_id_2,1110,0.7325998544692993
tx_id_2,1120,0.5675835013389587
tx_id_2,1130,0.520818293094635
tx_id_2,1140,0.6738917231559753
tx_id_2,1150,0.38716834783554077
tx_id_2,1160,0.6572824716567993
tx_id_2,1170,0.6175114512443542
tx_id_2,1180,0.5190927982330322
tx_id_2,1190,0.7516455054283142
tx_id_2,1200,0.11383301764726639
tx_id_2,1210,0.7811935544013977
tx_id_2,1220,0.33132386207580566
tx_id_2,1230,0.6297358274459839
tx_id_2,1240,0.49512502551078796
tx_id_2,1250,0.08631617575883865
tx_id_2,1260,0.026694152504205704
tx_id_2,1270,0.43105995655059814
tx_id_2,1280,0.5553828477859497
tx_id_2,1290,0.43085792660713196
tx_id_2,1300,0.07479970157146454
tx_id_2,1310,0.6748039722442627
tx_id_2,1320,0.28187254071235657
tx_id_2,1330,0.23034732043743134
tx_id_2,1340,0.666625440120697
tx_id_2,1350,0.6401475071907043
tx_id_2,1360,0.5692421793937683
tx_id_2,1370,0.08954542875289917
tx_id_2,1380,0.759674072265625
tx_id_2,1390,0.7576335668563843
tx_id_2,1400,0.7468850016593933
tx_id_2,1410,0.36226317286491394
tx_id_2,1420,0.6659422516822815
tx_id_2,1430,0.07169589400291443
tx_id_2,1440,0.6421864628791809
tx_id_2,1450,0.03844481334090233
tx_id_2,1460,0.744387149810791
tx_id_2,1470,0.4529772698879242
tx_id_2,1480,0.13883933424949646
tx_id_2,1490,0.23152963817119598
tx_id_2,1500,0.42033007740974426
tx_id_2,1510,0.11893341690301895
tx_id_2,1520,0.7376262545585632
tx_id_2,1530,0.6572249531745911
tx_id_2,1540,0.3632543385028839
tx_id_2,1550,0.641450822353363
tx_id_2,1560,0.5219495296478271
tx_id_2,1570,0.029970429837703705
tx_id_2,1580,0.5074395537376404
tx_id_2,1590,0.6311889290809631
tx_id_2,1600,0.11222269386053085
tx_id_2,1610,0.7415125966072083
tx_id_2,1620,0.7593688368797302
tx_id_2,1630,0.48571494221687317
tx_id_2,1640,0.6516632437705994
tx_id_2,1650,0.22403913736343384
tx_id_2,1660,0.26803940534591675
tx_id_2,1670,0.12031861394643784
tx_id_2,1680,0.7214742302894592
tx_id_2,1690,0.05737229436635971
tx_id_2,1700,0.573108434677124
tx_id_2,1710,0.8042616844177246
tx_id_2,1720,0.7628453969955444
tx_id_2,1730,0.5996897220611572
tx_id_2,1740,0.5682135820388794
tx_id_2,1750,0.7605526447296143
tx_id_2,1760,0.6483007669448853
tx_id_2,1770,0.4734579622745514
tx_id_2,1780,0.051489654928445816
tx_id_2,1790,0.328246146440506
tx_id_2,1800,0.07080169022083282
tx_id_2,1810,0.7386476993560791
tx_id_2,1820,0.5575526356697083
tx_id_2,1830,0.1590159684419632
tx_id_2,1840,0.5792883634567261
tx_id_2,1850,0.15460918843746185
tx_id_2,1860,0.7597161531448364
tx_id_2,1870,0.7501158714294434
tx_id_2,1880,0.314212828874588
tx_id_3,0,0.06750285625457764
tx_id_3,10,0.6780207753181458
tx_id_3,20,0.7652166485786438
tx_id_3,30,0.7670912742614746
tx_id_3,40,0.3037673234939575
tx_id_3,50,0.11950425803661346
tx_id_3,60,0.049647778272628784
tx_id_3,70,0.07063690572977066
tx_id_3,80,0.06428966671228409
tx_id_3,90,0.2922109067440033
tx_id_3,100,0.0308371689170599
tx_id_3,110,0.03947635367512703
tx_id_3,120,0.6723253726959229
tx_id_3,130,0.06338949501514435
tx_id_3,140,0.6534199714660645
tx_id_3,150,0.3240150511264801
tx_id_3,160,0.4487442076206207
tx_id_3,170,0.16084840893745422
tx_id_3,180,0.7414511442184448
tx_id_3,190,0.13260246813297272
tx_id_3,200,0.638407826423645
tx_id_3,210,0.7713974714279175
tx_id_3,220,0.2847541570663452
tx_id_3,230,0.3657799959182739
tx_id_3,240,0.7287237644195557
tx_id_3,250,0.3432859480381012
tx_id_3,260,0.32928943634033203
tx_id_3,270,0.10109719634056091
tx_id_3,280,0.41017264127731323
tx_id_3,290,0.0989551916718483
tx_id_3,300,0.75262451171875
tx_id_3,310,0.7363309264183044
tx_id_3,320,0.4958133101463318
tx_id_3,330,0.6665332913398743
tx_id_3,340,0.027156896889209747
tx_id_3,350,0.5625673532485962
tx_id_3,360,0.6597223281860352
tx_id_3,370,0.6355211734771729
tx_id_3,380,0.5502690076828003
tx_id_3,390,0.7380906343460083
tx_id_3,400,0.0428006611764431
tx_id_3,410,0.026534663513302803
tx_id_3,420,0.2352648228406906
tx_id_3,430,0.5365215539932251
tx_id_3,440,0.7810190916061401
tx_id_3,450,0.7497466802597046
tx_id_3,460,0.5478872060775757
tx_id_3,470,0.036191754043102264
tx_id_3,480,0.3340051770210266
tx_id_3,490,0.14180509746074677
tx_id_3,500,0.7058020234107971
tx_id_3,510,0.7647820115089417
tx_id_3,520,0.14232440292835236
tx_id_3,530,0.37028706073760986
tx_id_3,540,0.13392241299152374
tx_id_3,550,0.05759229511022568
tx_id_3,560,0.23223768174648285
tx_id_3,570,0.061470046639442444
tx_id_3,580,0.20305940508842468
tx_id_3,590,0.04508080333471298
tx_id_3,600,0.0619475357234478
tx_id_3,610,0.5360969305038452
tx_id_3,620,0.3377165198326111
tx_id_3,630,0.5983874201774597
tx_id_3,640,0.2882418930530548
tx_id_3,650,0.6096785664558411
tx_id_3,660,0.4226427376270294
tx_id_3,670,0.7574046850204468
tx_id_3,680,0.7050111293792725
tx_id_3,690,0.7523236870765686
tx_id_3,700,0.3072166442871094
tx_id_3,710,0.3116139769554138
tx_id_3,720,0.4451644718647003
tx_id_3,730,0.09605815261602402
tx_id_3,740,0.6278318762779236
tx_id_3,750,0.2582767605781555
tx_id_3,760,0.19082695245742798
tx_id_3,770,0.573121964931488
tx_id_3,780,0.09149955958127975
tx_id_3,790,0.7934694290161133
tx_id_3,800,0.6020744442939758
tx_id_3,810,0.3005508482456207
tx_id_3,820,0.14193326234817505
tx_id_3,830,0.02725524827837944
tx_id_3,840,0.059484951198101044
tx_id_3,850,0.705371081829071
tx_id_3,860,0.4842674732208252
tx_id_3,870,0.7529515624046326
tx_id_3,880,0.63580721616745
tx_id_3,890,0.39940038323402405
tx_id_3,900,0.12295278161764145
tx_id_3,910,0.06146382912993431
tx_id_3,920,0.7591052055358887
tx_id_3,930,0.07775638997554779
tx_id_3,940,0.49323317408561707
tx_id_3,950,0.07533241808414459
tx_id_3,960,0.6534805297851562
tx_id_3,970,0.43761971592903137
tx_id_3,980,0.04741370677947998
tx_id_3,990,0.5585007071495056
tx_id_3,1000,0.7240993976593018
tx_id_3,1010,0.7355758547782898
tx_id_3,1020,0.6920377016067505
tx_id_3,1030,0.26022496819496155
tx_id_3,1040,0.389509916305542
tx_id_3,1050,0.06416239589452744
tx_id_3,1060,0.6230298280715942
tx_id_3,1070,0.3668331205844879
tx_id_3,1080,0.7556238174438477
tx_id_3,1090,0.7593091130256653
tx_id_3,1100,0.02627180702984333
tx_id_3,1110,0.741725742816925
tx_id_3,1120,0.5795467495918274
tx_id_3,1130,0.5049840211868286
tx_id_3,1140,0.6220192909240723
tx_id_3,1150,0.35966503620147705
tx_id_3,1160,0.6313186287879944
tx_id_3,1170,0.6076384782791138
tx_id_3,1180,0.5092374086380005
tx_id_3,1190,0.7519029974937439
tx_id_3,1200,0.11527473479509354
tx_id_3,1210,0.7722379565238953
tx_id_3,1220,0.32843852043151855
tx_id_3,1230,0.5917123556137085
tx_id_3,1240,0.494747132062912
tx_id_3,1250,0.09041883796453476
tx_id_3,1260,0.026472359895706177
tx_id_3,1270,0.43887731432914734
tx_id_3,1280,0.27809450030326843
tx_id_3,1290,0.4313260316848755
tx_id_3,1300,0.060949746519327164
tx_id_3,1310,0.6861399412155151
tx_id_3,1320,0.3020118176937103
tx_id_3,1330,0.2538151144981384
tx_id_3,1340,0.6905282139778137
tx_id_3,1350,0.6285667419433594
tx_id_3,1360,0.5849898457527161
tx_id_3,1370,0.1364070326089859
tx_id_3,1380,0.744339108467102
tx_id_3,1390,0.7490153312683105
tx_id_3,1400,0.7613977789878845
tx_id_3,1410,0.3664852976799011
tx_id_3,1420,0.6356326937675476
tx_id_3,1430,0.05659756064414978
tx_id_3,1440,0.5976603627204895
tx_id_3,1450,0.03575463593006134
tx_id_3,1460,0.7399128675460815
tx_id_3,1470,0.4495978355407715
tx_id_3,1480,0.13397207856178284
tx_id_3,1490,0.2294919490814209
tx_id_3,1500,0.37412771582603455
tx_id_3,1510,0.12328469008207321
tx_id_3,1520,0.7337671518325806
tx_id_3,1530,0.6620833873748779
tx_id_3,1540,0.3508467972278595
tx_id_3,1550,0.6356016993522644
tx_id_3,1560,0.48867267370224
tx_id_3,1570,0.032395731657743454
tx_id_3,1580,0.5412570238113403
tx_id_3,1590,0.599624752998352
tx_id_3,1600,0.10082278400659561
tx_id_3,1610,0.7382242679595947
tx_id_3,1620,0.7499651312828064
tx_id_3,1630,0.4957147538661957
tx_id_3,1640,0.6247187256813049
tx_id_3,1650,0.23288753628730774
tx_id_3,1660,0.27797356247901917
tx_id_3,1670,0.1219659298658371
tx_id_3,1680,0.7181559205055237
tx_id_3,1690,0.059140436351299286
tx_id_3,1700,0.5695940852165222
tx_id_3,1710,0.8012188673019409
tx_id_3,1720,0.7576255798339844
tx_id_3,1730,0.6007979512214661
tx_id_3,1740,0.4044332802295685
tx_id_3,1750,0.7454743385314941
tx_id_3,1760,0.6611914038658142
tx_id_3,1770,0.49239426851272583
tx_id_3,1780,0.05348591133952141
tx_id_3,1790,0.3197101354598999
tx_id_3,1800,0.06954026222229004
tx_id_3,1810,0.7333232164382935
tx_id_3,1820,0.5441708564758301
tx_id_3,1830,0.16796037554740906
tx_id_3,1840,0.4529001712799072
tx_id_3,1850,0.1264479160308838
tx_id_3,1860,0.7594539523124695
tx_id_3,1870,0.6801062822341919
tx_id_3,1880,0.373723566532135
tx_id_4,0,0.056997694075107574
tx_id_4,10,0.639631450176239
tx_id_4,20,0.7244753837585449
tx_id_4,30,0.7131673097610474
tx_id_4,40,0.2651931047439575
tx_id_4,50,0.10715411603450775
tx_id_4,60,0.055144067853689194
tx_id_4,70,0.0686764344573021
tx_id_4,80,0.07804638892412186
tx_id_4,90,0.2534646987915039
tx_id_4,100,0.02927372418344021
tx_id_4,110,0.03789911046624184
tx_id_4,120,0.6280273795127869
tx_id_4,130,0.06297529488801956
tx_id_4,140,0.6131376028060913
tx_id_4,150,0.26716920733451843
tx_id_4,160,0.405324786901474
tx_id_4,170,0.12678663432598114
tx_id_4,180,0.6941906809806824
tx_id_4,190,0.1382199078798294
tx_id_4,200,0.5795109272003174
tx_id_4,210,0.747442901134491
tx_id_4,220,0.2826897203922272
tx_id_4,230,0.37684452533721924
tx_id_4,240,0.6564763188362122
tx_id_4,250,0.34534454345703125
tx_id_4,260,0.39644888043403625
tx_id_4,270,0.10963404923677444
tx_id_4,280,0.318491667509079
tx_id_4,290,0.10257157683372498
tx_id_4,300,0.7209526300430298
tx_id_4,310,0.6473826169967651
tx_id_4,320,0.4943142533302307
tx_id_4,330,0.5697730779647827
tx_id_4,340,0.02762729860842228
tx_id_4,350,0.5016639828681946
tx_id_4,360,0.6231588125228882
tx_id_4,370,0.5256540775299072
tx_id_4,380,0.562662661075592
tx_id_4,390,0.7043067812919617
tx_id_4,400,0.04178272932767868
tx_id_4,410,0.026508329436182976
tx_id_4,420,0.19405914843082428
tx_id_4,430,0.48183539509773254
tx_id_4,440,0.7621009349822998
tx_id_4,450,0.7166085839271545
tx_id_4,460,0.4298028349876404
tx_id_4,470,0.035634346306324005
tx_id_4,480,0.26891231536865234
tx_id_4,490,0.12325672060251236
tx_id_4,500,0.6553572416305542
tx_id_4,510,0.7217887043952942
tx_id_4,520,0.12338650226593018
tx_id_4,530,0.3159821331501007
tx_id_4,540,0.12612415850162506
tx_id_4,550,0.05906093493103981
tx_id_4,560,0.21959911286830902
tx_id_4,570,0.07310815155506134
tx_id_4,580,0.20460809767246246
tx_id_4,590,0.03971711918711662
tx_id_4,600,0.054150789976119995
tx_id_4,610,0.4601384401321411
tx_id_4,620,0.32227623462677
tx_id_4,630,0.5905889868736267
tx_id_4,640,0.28136083483695984
tx_id_4,650,0.6015834212303162
tx_id_4,660,0.39062514901161194
tx_id_4,670,0.7171967029571533
tx_id_4,680,0.6888993978500366
tx_id_4,690,0.7366248369216919
tx_id_4,700,0.28944140672683716
tx_id_4,710,0.28672686219215393
tx_id_4,720,0.42011114954948425
tx_id_4,730,0.09780105203390121
tx_id_4,740,0.5896046161651611
tx_id_4,750,0.2511863112449646
tx_id_4,760,0.21185673773288727
tx_id_4,770,0.594640851020813
tx_id_4,780,0.08765009045600891
tx_id_4,790,0.7739084362983704
tx_id_4,800,0.4362748861312866
tx_id_4,810,0.2758985459804535
tx_id_4,820,0.1429252177476883
tx_id_4,830,0.027747921645641327
tx_id_4,840,0.06634780019521713
tx_id_4,850,0.6758518218994141
tx_id_4,860,0.5050497651100159
tx_id_4,870,0.730819821357727
tx_id_4,880,0.5739176869392395
tx_id_4,890,0.3796657919883728
tx_id_4,900,0.12077126652002335
tx_id_4,910,0.060258280485868454
tx_id_4,920,0.7636355757713318
tx_id_4,930,0.06360221654176712
tx_id_4,940,0.5394501090049744
tx_id_4,950,0.07803573459386826
tx_id_4,960,0.650425374507904
tx_id_4,970,0.37856820225715637
tx_id_4,980,0.09404458850622177
tx_id_4,990,0.5191947817802429
tx_id_4,1000,0.6653593182563782
tx_id_4,1010,0.6790802478790283
tx_id_4,1020,0.622722327709198
tx_id_4,1030,0.28592830896377563
tx_id_4,1040,0.39593520760536194
tx_id_4,1050,0.06070123612880707
tx_id_4,1060,0.5485241413116455
tx_id_4,1070,0.2723495662212372
tx_id_4,1080,0.7471826672554016
tx_id_4,1090,0.7162573933601379
tx_id_4,1100,0.02715301513671875
tx_id_4,1110,0.705287754535675
tx_id_4,1120,0.5612616539001465
tx_id_4,1130,0.4904875159263611
tx_id_4,1140,0.6141488552093506
tx_id_4,1150,0.38787710666656494
tx_id_4,1160,0.5750806927680969
tx_id_4,1170,0.4561992287635803
tx_id_4,1180,0.48012498021125793
tx_id_4,1190,0.7269506454467773
tx_id_4,1200,0.12311170250177383
tx_id_4,1210,0.7010735273361206
tx_id_4,1220,0.3458048701286316
tx_id_4,1230,0.49538522958755493
tx_id_4,1240,0.5348634123802185
tx_id_4,1250,0.08345507085323334
tx_id_4,1260,0.02666936069726944
tx_id_4,1270,0.4551681578159332
tx_id_4,1280,0.36176860332489014
tx_id_4,1290,0.373060941696167
tx_id_4,1300,0.06950340420007706
tx_id_4,1310,0.624725341796875
tx_id_4,1320,0.366910457611084
tx_id_4,1330,0.24454854428768158
tx_id_4,1340,0.6279277205467224
tx_id_4,1350,0.5532485842704773
tx_id_4,1360,0.5455463528633118
tx_id_4,1370,0.08285029977560043
tx_id_4,1380,0.7333788275718689
tx_id_4,1390,0.6811256408691406
tx_id_4,1400,0.7642199993133545
tx_id_4,1410,0.45218509435653687
tx_id_4,1420,0.580043613910675
tx_id_4,1430,0.054194316267967224
tx_id_4,1440,0.5522138476371765
tx_id_4,1450,0.04453296959400177
tx_id_4,1460,0.7087031006813049
tx_id_4,1470,0.4349026679992676
tx_id_4,1480,0.07967453449964523
tx_id_4,1490,0.2044704556465149
tx_id_4,1500,0.3119300901889801
tx_id_4,1510,0.12157808989286423
tx_id_4,1520,0.7104151844978333
tx_id_4,1530,0.6075772047042847
tx_id_4,1540,0.2923189401626587
tx_id_4,1550,0.5752115249633789
tx_id_4,1560,0.4855102300643921
tx_id_4,1570,0.029115183278918266
tx_id_4,1580,0.40815967321395874
tx_id_4,1590,0.3241441547870636
tx_id_4,1600,0.0925774872303009
tx_id_4,1610,0.7161275744438171
tx_id_4,1620,0.7256280779838562
tx_id_4,1630,0.4848916530609131
tx_id_4,1640,0.6190947890281677
tx_id_4,1650,0.22435931861400604
tx_id_4,1660,0.27606332302093506
tx_id_4,1670,0.10217446088790894
tx_id_4,1680,0.7122185230255127
tx_id_4,1690,0.059866391122341156
tx_id_4,1700,0.527732253074646
tx_id_4,1710,0.7745840549468994
tx_id_4,1720,0.705263614654541
tx_id_4,1730,0.5899606347084045
tx_id_4,1740,0.35785555839538574
tx_id_4,1750,0.7235330939292908
tx_id_4,1760,0.6071359515190125
tx_id_4,1770,0.5375819206237793
tx_id_4,1780,0.04996103420853615
tx_id_4,1790,0.2998213469982147
tx_id_4,1800,0.09973727911710739
tx_id_4,1810,0.6802968978881836
tx_id_4,1820,0.5315608382225037
tx_id_4,1830,0.18051113188266754
tx_id_4,1840,0.5710558891296387
tx_id_4,1850,0.14635686576366425
tx_id_4,1860,0.7171716690063477
tx_id_4,1870,0.7050820589065552
tx_id_4,1880,0.2986326217651367
tx_id_5,0,0.05158389359712601
tx_id_5,10,0.497479110956192
tx_id_5,20,0.6108360886573792
tx_id_5,30,0.5658212900161743
tx_id_5,40,0.25874611735343933
tx_id_5,50,0.09587658196687698
tx_id_5,60,0.07790827751159668
tx_id_5,70,0.06657487899065018
tx_id_5,80,0.09387660771608353
tx_id_5,90,0.2092696875333786
tx_id_5,100,0.02825157530605793
tx_id_5,110,0.04018113762140274
tx_id_5,120,0.5528993606567383
tx_id_5,130,0.08121024817228317
tx_id_5,140,0.43499666452407837
tx_id_5,150,0.19499942660331726
tx_id_5,160,0.3913060128688812
tx_id_5,170,0.10916532576084137
tx_id_5,180,0.5558074116706848
tx_id_5,190,0.13766179978847504
tx_id_5,200,0.4343282878398895
tx_id_5,210,0.6884337663650513
tx_id_5,220,0.2728663384914398
tx_id_5,230,0.37651899456977844
tx_id_5,240,0.5648067593574524
tx_id_5,250,0.31911569833755493
tx_id_5,260,0.19897542893886566
tx_id_5,270,0.13921429216861725
tx_id_5,280,0.2916422188282013
tx_id_5,290,0.1269078254699707
tx_id_5,300,0.6105055212974548
tx_id_5,310,0.49157780408859253
tx_id_5,320,0.3873571753501892
tx_id_5,330,0.4619411826133728
tx_id_5,340,0.029477497562766075
tx_id_5,350,0.4805779755115509
tx_id_5,360,0.5178811550140381
tx_id_5,370,0.3743719756603241
tx_id_5,380,0.5634837746620178
tx_id_5,390,0.6180465221405029
tx_id_5,400,0.039838019758462906
tx_id_5,410,0.027636734768748283
tx_id_5,420,0.19483709335327148
tx_id_5,430,0.4107920229434967
tx_id_5,440,0.6680448651313782
tx_id_5,450,0.6571006178855896
tx_id_5,460,0.19787302613258362
tx_id_5,470,0.035212442278862
tx_id_5,480,0.18254199624061584
tx_id_5,490,0.13607658445835114
tx_id_5,500,0.508098840713501
tx_id_5,510,0.5937681794166565
tx_id_5,520,0.1395987570285797
tx_id_5,530,0.220194473862648
tx_id_5,540,0.13451191782951355
tx_id_5,550,0.04992709681391716
tx_id_5,560,0.21732352674007416
tx_id_5,570,0.08907276391983032
tx_id_5,580,0.18710441887378693
tx_id_5,590,0.039800014346838
tx_id_5,600,0.0504949651658535
tx_id_5,610,0.5017613768577576
tx_id_5,620,0.30135446786880493
tx_id_5,630,0.487295001745224
tx_id_5,640,0.2330414354801178
tx_id_5,650,0.6083104014396667
tx_id_5,660,0.3110962510108948
tx_id_5,670,0.6173132658004761
tx_id_5,680,0.6338552832603455
tx_id_5,690,0.653705894947052
tx_id_5,700,0.2874455749988556
tx_id_5,710,0.26177698373794556
tx_id_5,720,0.3368225395679474
tx_id_5,730,0.07975803315639496
tx_id_5,740,0.3814135193824768
tx_id_5,750,0.18824811279773712
tx_id_5,760,0.256767213344574
tx_id_5,770,0.5570002794265747
tx_id_5,780,0.12275613099336624
tx_id_5,790,0.6993826031684875
tx_id_5,800,0.20415672659873962
tx_id_5,810,0.19657862186431885
tx_id_5,820,0.08545970171689987
tx_id_5,830,0.02803799696266651
tx_id_5,840,0.07272365689277649
tx_id_5,850,0.6768935918807983
tx_id_5,860,0.45694664120674133
tx_id_5,870,0.6778131723403931
tx_id_5,880,0.47559213638305664
tx_id_5,890,0.4209359288215637
tx_id_5,900,0.11967670917510986
tx_id_5,910,0.06328228116035461
tx_id_5,920,0.6632188558578491
tx_id_5,930,0.05472232773900032
tx_id_5,940,0.5249214768409729
tx_id_5,950,0.07708225399255753
tx_id_5,960,0.6207625865936279
tx_id_5,970,0.34532344341278076
tx_id_5,980,0.04511374235153198
tx_id_5,990,0.3877548575401306
tx_id_5,1000,0.5732564926147461
tx_id_5,1010,0.5665460824966431
tx_id_5,1020,0.4349623918533325
tx_id_5,1030,0.36086031794548035
tx_id_5,1040,0.3511713445186615
tx_id_5,1050,0.06324303895235062
tx_id_5,1060,0.41983193159103394
tx_id_5,1070,0.21978619694709778
tx_id_5,1080,0.7081977128982544
tx_id_5,1090,0.6681784391403198
tx_id_5,1100,0.028060272336006165
tx_id_5,1110,0.631818950176239
tx_id_5,1120,0.5373267531394958
tx_id_5,1130,0.18951381742954254
tx_id_5,1140,0.5535786747932434
tx_id_5,1150,0.42918288707733154
tx_id_5,1160,0.377657413482666
tx_id_5,1170,0.18906255066394806
tx_id_5,1180,0.41129741072654724
tx_id_5,1190,0.6083730459213257
tx_id_5,1200,0.13044412434101105
tx_id_5,1210,0.5374112725257874
tx_id_5,1220,0.2691960036754608
tx_id_5,1230,0.4291827976703644
tx_id_5,1240,0.49987921118736267
tx_id_5,1250,0.114623062312603
tx_id_5,1260,0.026346862316131592
tx_id_5,1270,0.36078596115112305
tx_id_5,1280,0.18423736095428467
tx_id_5,1290,0.39073511958122253
tx_id_5,1300,0.07185850292444229
tx_id_5,1310,0.5475316643714905
tx_id_5,1320,0.3410049378871918
tx_id_5,1330,0.3555567264556885
tx_id_5,1340,0.529062807559967
tx_id_5,1350,0.37641721963882446
tx_id_5,1360,0.4570510983467102
tx_id_5,1370,0.07828915864229202
tx_id_5,1380,0.6747397780418396
tx_id_5,1390,0.4786185622215271
tx_id_5,1400,0.767338752746582
tx_id_5,1410,0.48667609691619873
tx_id_5,1420,0.42727261781692505
tx_id_5,1430,0.044805873185396194
tx_id_5,1440,0.3364776074886322
tx_id_5,1450,0.056226324290037155
tx_id_5,1460,0.615204393863678
tx_id_5,1470,0.3871120512485504
tx_id_5,1480,0.06122199073433876
tx_id_5,1490,0.26483216881752014
tx_id_5,1500,0.22706244885921478
tx_id_5,1510,0.12103859335184097
tx_id_5,1520,0.6544837355613708
tx_id_5,1530,0.4382674992084503
tx_id_5,1540,0.1847853660583496
tx_id_5,1550,0.43556755781173706
tx_id_5,1560,0.4600922465324402
tx_id_5,1570,0.028444861993193626
tx_id_5,1580,0.26356855034828186
tx_id_5,1590,0.11257922649383545
tx_id_5,1600,0.08426971733570099
tx_id_5,1610,0.6072143316268921
tx_id_5,1620,0.6355990171432495
tx_id_5,1630,0.46277153491973877
tx_id_5,1640,0.5806324481964111
tx_id_5,1650,0.1897219866514206
tx_id_5,1660,0.24780267477035522
tx_id_5,1670,0.10157125443220139
tx_id_5,1680,0.6860795617103577
tx_id_5,1690,0.07117372006177902
tx_id_5,1700,0.4859338402748108
tx_id_5,1710,0.7029578685760498
tx_id_5,1720,0.5505297780036926
tx_id_5,1730,0.48554906249046326
tx_id_5,1740,0.3353714942932129
tx_id_5,1750,0.675332248210907
tx_id_5,1760,0.5637255311012268
tx_id_5,1770,0.48791059851646423
tx_id_5,1780,0.0600229948759079
tx_id_5,1790,0.2920428216457367
tx_id_5,1800,0.08649121224880219
tx_id_5,1810,0.5635002851486206
tx_id_5,1820,0.4547218680381775
tx_id_5,1830,0.13591045141220093
tx_id_5,1840,0.4505287706851959
tx_id_5,1850,0.16870328783988953
tx_id_5,1860,0.634945809841156
tx_id_5,1870,0.5755280256271362
tx_id_5,1880,0.29665133357048035
tx_id_6,0,0.047005582600831985
tx_id_6,10,0.25042444467544556
tx_id_6,20,0.36440083384513855
tx_id_6,30,0.30933108925819397
tx_id_6,40,0.13968054950237274
tx_id_6,50,0.08677719533443451
tx_id_6,60,0.0856223851442337
tx_id_6,70,0.06512477248907089
tx_id_6,80,0.10611947625875473
tx_id_6,90,0.15479490160942078
tx_id_6,100,0.027234220877289772
tx_id_6,110,0.03273482993245125
tx_id_6,120,0.43899235129356384
tx_id_6,130,0.08243310451507568
tx_id_6,140,0.21092557907104492
tx_id_6,150,0.12089627981185913
tx_id_6,160,0.34899213910102844
tx_id_6,170,0.06865249574184418
tx_id_6,180,0.2214653491973877
tx_id_6,190,0.1482778936624527
tx_id_6,200,0.1305922269821167
tx_id_6,210,0.2762066423892975
tx_id_6,220,0.27112776041030884
tx_id_6,230,0.393738716840744
tx_id_6,240,0.4970126748085022
tx_id_6,250,0.25174060463905334
tx_id_6,260,0.1449064463376999
tx_id_6,270,0.11460757255554199
tx_id_6,280,0.26560962200164795
tx_id_6,290,0.08108010143041611
tx_id_6,300,0.3262333869934082
tx_id_6,310,0.2389708161354065
tx_id_6,320,0.3277464807033539
tx_id_6,330,0.11528611928224564
tx_id_6,340,0.030622167512774467
tx_id_6,350,0.3369605541229248
tx_id_6,360,0.28417056798934937
tx_id_6,370,0.17545701563358307
tx_id_6,380,0.5817890763282776
tx_id_6,390,0.39974114298820496
tx_id_6,400,0.03907667100429535
tx_id_6,410,0.03160169720649719
tx_id_6,420,0.13490982353687286
tx_id_6,430,0.3359808623790741
tx_id_6,440,0.3278997838497162
tx_id_6,450,0.3636190891265869
tx_id_6,460,0.07711639255285263
tx_id_6,470,0.03454233333468437
tx_id_6,480,0.12549415230751038
tx_id_6,490,0.10656168311834335
tx_id_6,500,0.23434476554393768
tx_id_6,510,0.3498905599117279
tx_id_6,520,0.09668738394975662
tx_id_6,530,0.1297273486852646
tx_id_6,540,0.14428964257240295
tx_id_6,550,0.055301956832408905
tx_id_6,560,0.23624126613140106
tx_id_6,570,0.09596476703882217
tx_id_6,580,0.22798886895179749
tx_id_6,590,0.037433922290802
tx_id_6,600,0.04818262904882431
tx_id_6,610,0.37472301721572876
tx_id_6,620,0.2394423484802246
tx_id_6,630,0.4229831099510193
tx_id_6,640,0.1468551754951477
tx_id_6,650,0.5667035579681396
tx_id_6,660,0.22570915520191193
tx_id_6,670,0.41897082328796387
tx_id_6,680,0.5158320069313049
tx_id_6,690,0.26999935507774353
tx_id_6,700,0.26412433385849
tx_id_6,710,0.17802654206752777
tx_id_6,720,0.12567788362503052
tx_id_6,730,0.061530690640211105
tx_id_6,740,0.14610213041305542
tx_id_6,750,0.18133555352687836
tx_id_6,760,0.3095282018184662
tx_id_6,770,0.5220151543617249
tx_id_6,780,0.18296511471271515
tx_id_6,790,0.36306342482566833
tx_id_6,800,0.0787707269191742
tx_id_6,810,0.09956850111484528
tx_id_6,820,0.051406826823949814
tx_id_6,830,0.028165526688098907
tx_id_6,840,0.08778472989797592
tx_id_6,850,0.5480486750602722
tx_id_6,860,0.3758343458175659
tx_id_6,870,0.531117856502533
tx_id_6,880,0.2612544000148773
tx_id_6,890,0.26584240794181824
tx_id_6,900,0.1024303063750267
tx_id_6,910,0.07198338210582733
tx_id_6,920,0.39343348145484924
tx_id_6,930,0.046203311532735825
tx_id_6,940,0.5129008889198303
tx_id_6,950,0.09572965651750565
tx_id_6,960,0.5736144781112671
tx_id_6,970,0.2509346008300781
tx_id_6,980,0.04073766991496086
tx_id_6,990,0.22344857454299927
tx_id_6,1000,0.3718661963939667
tx_id_6,1010,0.31127527356147766
tx_id_6,1020,0.18968422710895538
tx_id_6,1030,0.36154839396476746
tx_id_6,1040,0.2738132178783417
tx_id_6,1050,0.06875395774841309
tx_id_6,1060,0.2338593751192093
tx_id_6,1070,0.1666514128446579
tx_id_6,1080,0.5340240001678467
tx_id_6,1090,0.5328156352043152
tx_id_6,1100,0.0312827005982399
tx_id_6,1110,0.37782663106918335
tx_id_6,1120,0.49326369166374207
tx_id_6,1130,0.053716953843832016
tx_id_6,1140,0.28602880239486694
tx_id_6,1150,0.3694044053554535
tx_id_6,1160,0.12547992169857025
tx_id_6,1170,0.08118582516908646
tx_id_6,1180,0.332327276468277
tx_id_6,1190,0.35313040018081665
tx_id_6,1200,0.13682231307029724
tx_id_6,1210,0.3607482612133026
tx_id_6,1220,0.08033932745456696
tx_id_6,1230,0.2550852596759796
tx_id_6,1240,0.4948285222053528
tx_id_6,1250,0.12498530745506287
tx_id_6,1260,0.02704210765659809
tx_id_6,1270,0.16561049222946167
tx_id_6,1280,0.054274968802928925
tx_id_6,1290,0.3779103755950928
tx_id_6,1300,0.06424668431282043
tx_id_6,1310,0.42703142762184143
tx_id_6,1320,0.2865908145904541
tx_id_6,1330,0.3765486180782318
tx_id_6,1340,0.3152875006198883
tx_id_6,1350,0.19988976418972015
tx_id_6,1360,0.27723875641822815
tx_id_6,1370,0.0740022212266922
tx_id_6,1380,0.33521291613578796
tx_id_6,1390,0.19635912775993347
tx_id_6,1400,0.753097414970398
tx_id_6,1410,0.42868712544441223
tx_id_6,1420,0.2930910289287567
tx_id_6,1430,0.044309813529253006
tx_id_6,1440,0.11320628970861435
tx_id_6,1450,0.07564684748649597
tx_id_6,1460,0.4308166205883026
tx_id_6,1470,0.38288918137550354
tx_id_6,1480,0.05009360611438751
tx_id_6,1490,0.27970170974731445
tx_id_6,1500,0.16092514991760254
tx_id_6,1510,0.12392031401395798
tx_id_6,1520,0.1893746256828308
tx_id_6,1530,0.19948625564575195
tx_id_6,1540,0.11810959130525589
tx_id_6,1550,0.24052241444587708
tx_id_6,1560,0.3924931287765503
tx_id_6,1570,0.026786740869283676
tx_id_6,1580,0.12024809420108795
tx_id_6,1590,0.03821510449051857
tx_id_6,1600,0.07518544793128967
tx_id_6,1610,0.19000792503356934
tx_id_6,1620,0.34256285429000854
tx_id_6,1630,0.41800203919410706
tx_id_6,1640,0.2338409125804901
tx_id_6,1650,0.20449063181877136
tx_id_6,1660,0.17521147429943085
tx_id_6,1670,0.11005518585443497
tx_id_6,1680,0.6425241827964783
tx_id_6,1690,0.08665133267641068
tx_id_6,1700,0.3005102276802063
tx_id_6,1710,0.4660968482494354
tx_id_6,1720,0.2747073471546173
tx_id_6,1730,0.11508402228355408
tx_id_6,1740,0.26896360516548157
tx_id_6,1750,0.5161043405532837
tx_id_6,1760,0.4451274871826172
tx_id_6,1770,0.4891887605190277
tx_id_6,1780,0.07885151356458664
tx_id_6,1790,0.2430185079574585
tx_id_6,1800,0.13135507702827454
tx_id_6,1810,0.3337170481681824
tx_id_6,1820,0.3097040057182312
tx_id_6,1830,0.124910868704319
tx_id_6,1840,0.4614834487438202
tx_id_6,1850,0.10678718239068985
tx_id_6,1860,0.4485788643360138
tx_id_6,1870,0.2881143093109131
tx_id_6,1880,0.24158988893032074
